Source,Sentence
Train,Мальчики стали делать для них горку.
Train,На дорогах блестят лужи.
Train,Стала Маша рвать розы.
Train,Цвели ландыши.
Train,Галя и Володя уехали летом в деревню.
Train,Все знают её хитрый нрав.
Train,Весело кричал петух.
Train,Пахнут ландыши.
Train,Всю зиму дети заботились о птицах.
Train,Во дворе уже поставили чучело.
Train,Мы с дедушкой смастерили скворечник.
Train,С ели упал ком снега.
Train,Шура и Егор вяли щенка домой.
Train,Ученики работают хорошо.
Train,У нас краски и кисти.
Train,Снег уже растаял.
Train,Хорошо детям на пляже.
Train,Лучи солнышка залили ярким светом весь двор.
Train,Наш двор большой.
Train,Они рады.
Train,Кругом лужи.
Train,Олег и Денис идут в лес.
Train,Дети убежали домой.
Train,Надина мама печёт румяные блины.
Train,У Любы и Маши кукла.
Train,Даша принесла ему молока.
Train,У Кати конь и зайка.
Train,Здесь обитают рыжие лисицы и колючие ежи.
Train,Около школы растут клёны и липы.
Train,В начале марта мы прощаемся с зимой.
Train,И в каждом гнездышке птенцы.
Train,Юра писал письмо.
Train,Яркие лучи солнышка стали чуть теплее.
Train,Тётя Нина и тётя Оля работают на фабрике.
Train,Мы идём на рыбалку.
Train,На реках треснул лёд.
Train,Мы встречаем весну.
Train,На реке идёт лёд.
Train,На берегу рос куст ивы.
Train,Они засыпали всю землю.
Train,Петя летом жил в деревне Власово.
Train,Я уже знаю все буквы.
Train,Хитер котик.
Train,Зоя звала Мурку домой.
Train,Они ловили рыбу.
Train,Волна за волной набегает на морской берег.
Train,Быстро закончился летний дождик.
Train,Коршун выпустил утёнка и улетел.
Train,Весной в зоопарке родились детёныши.
Train,Кот Васька прыгнул на камень.
Train,Кругом чистота и уют.
Train,Я её тащу.
Train,В тени росли ландыши.
Train,Заблестели лужи.
Train,Давно улетели скворцы и грачи.
Train,Они восхищают нас своими чудесными нарядами.
Train,Пушистый снег покрыл землю.
Train,За речкой на лугу сочная трава.
Train,В траве шуршит еж.
Train,Ожил старый парк.
Train,Зайчата и белка играют в прятки.
Train,С деревьев осыпались последние листочки.
Train,Осенью мы часто топили печку.
Train,Это был шиповник.
Train,Мурка пришла.
Train,Мальчики спустились к реке.
Train,Около дома росла маленькая яблонька.
Train,В саду созрели сливы.
Train,Льют дожди.
Train,Пролетело лето.
Train,Я бегу на лыжах по лесу.
Train,По двору бегали куры.
Train,Они ищут пищу.
Train,Набухшие почки сменила листва.
Train,У Зины и Лизы крошки хлеба.
Train,Маша была мала.
Train,Засверкали весёлые снежные искры.
Train,В лесу красиво.
Train,Кошке песню поёт.
Train,Журчит звонкий ручей.
Train,Мы жили у рощи.
Train,Петя и Света ученики.
Train,Я и мой брат Игорь любим маму.
Train,Идёт мелкий дождик.
Train,У крыльца подъезда растёт большой ясень.
Train,Утром выпал пушистый снег.
Train,По реке идёт лёд.
Train,Утром треснул лед.
Train,Они детишкам носят пищу.
Train,Миша упал в сугроб.
Train,Весь день над низкими кустиками гудели пчёлы.
Train,Застучали капли дождя.
Train,Из норы вылезает ёж.
Train,Я стучу по веткам елки.
Train,Трещат сороки.
Train,Весь день на горе толпа детей.
Train,Мы бежим по улице.
Train,Маленькая Олечка взяла кисть и акварельные краски.
Train,Лёня и Яна искали шишки.
Train,Ученик Юра Чайкин решал задачу.
Train,Папа и мама любили животных.
Train,Влад ходил в лес.
Train,У бабушки Даши есть огород.
Train,Лёд уносил с собой зимний холод.
Train,На широкий луг вышли малыши.
Train,Опять льёт сильный дождь.
Train,В полях и лесах бродит зима.
Train,Чудесным был маленький дворец.
Train,Ребята ловят рыбу.
Train,У них была собака розка.
Train,Вдруг Ваня увидел тучу.
Train,У них полные лукошки грибов.
Train,Мальчики стали учить буквы.
Train,Я и мой брат Алёша сделали горку.
Train,У Димы есть брат и сестра.
Train,Подул холодный ветер.
Train,Они отличные строители.
Train,На опушке стояла сторожка.
Train,Дуб надел белую шапку.
Train,Теперь выходить на тонкий лёд очень опасно.
Train,Ночью выпал снег.
Train,На клумбах жильцы посадили тюльпаны.
Train,На веточках вербы появились барашки.
Train,Бабушка засолит грибы на зиму.
Train,Лесные звери спешат укрыться от мороза.
Train,Ребята гурьбой бежали за собакой.
Train,С тётей Настей доили коров.
Train,В саду росли красивые кусты.
Train,Важно по двору шагал петух Яшка.
Train,Поют птички.
Train,Весело живёт лес летом.
Train,Ольга идёт на каток.
Train,Снег укрыл пни и кусты.
Train,Вода быстро несла бревно.
Train,Стоял жаркий день.
Train,У крыльца на кустах опять зачирикали воробьи.
Train,Солнечное летнее утро.
Train,Девочка дала козе хлеб.
Train,На Машеньке блузка с короткими рукавчиками и юбка с узким пояском.
Train,Тётя Нина вяжет пушистые шарфы.
Train,На берегу много луж.
Train,Липовый мёд вкусный и полезный.
Train,На улице пасмурно.
Train,Еж и барсук заснули в норах.
Train,Потом играли Андрей и Ваня.
Train,Выпал снег.
Train,У Глеба промок сапог.
Train,На окне мороз нарисовал чудесные узоры.
Train,На заводе делают машины.
Train,Звёзды вырезает Миша Лужин.
Train,Ваня заметил зайца.
Train,Зоя и Мурка играли.
Train,Зайка скрылся в кустах.
Train,Зиму мы звали.
Train,В кустах жил ежик.
Train,Ученики идут на стройку.
Train,Мы делали игрушки.
Train,На дворе сильный мороз и ветер.
Train,Закончился летний дождик.
Train,В огороде созрел урожай овощей.
Train,Нина и Лена рисовали сосны.
Train,Мы помогали деду сушить сеть.
Train,Котик сер и пушист.
Train,Я хочу поймать большую щуку.
Train,Мама любит слушать музыку.
Train,Узкая тропка вывела нас к тихому озерцу.
Train,Угасла свеча.
Train,Быстро мчат они на санках с горки.
Train,Игорь и Сергей пошли в лес.
Train,Весело звенят коньки по скользкому льду.
Train,Петя надел лыжи.
Train,Снег пушист.
Train,На ёлках блестит снег.
Train,На пеньке змея.
Train,Он ходит в школу.
Train,Папа купил ей лыжи.
Train,Настала зима.
Train,У огонька устраивались кот Вьюнок и ручной зайчик Ушастик.
Train,Мы дрожим от холода.
Train,Весной она цветёт душистыми розоватыми звёздочками.
Train,На рябине висели сочные ягоды.
Train,В руках у мальчика корм для птиц.
Train,Пришла осень.
Train,Скоро появится молодая зелёная травка.
Train,В пенале ручка и карандаш.
Train,С плеча у нее свисал шарф.
Train,Мальчики ловят в озере щук.
Train,Друзья вместе решили задачу.
Train,Верный Рыжик бежит за ним.
Train,Стоит ясный день.
Train,На сосне кричит сова.
Train,Много мёду получаем мы от пчёл.
Train,У крыльца машины.
Train,Начало лета.
Train,Дует свежий ветерок.
Train,По веткам скачут рыжие белки.
Train,Я люблю читать.
Train,Собака встретила человека.
Train,Папа вытащил большую щуку.
Train,По веткам скачут шимпанзе.
Train,Тишину утра нарушил бой часов.
Train,Наступил март.
Train,У Миши санки.
Train,Колючий ёжик будет спать в глубокой норе.
Train,Мороз застеклил лужи хрупким льдом.
Train,Подул резкий ветер.
Train,Я и мой брат Петя жили у деда.
Train,Попрощались с нами ласточки и кукушки.
Train,Все прячутся от зимней стужи.
Train,В лесу ландыши.
Train,Они сели под ель.
Train,Тёплый ветерок несёт по улицам города пух тополей.
Train,Они строят большой дом.
Train,Мама купила детям альбом и краски.
Train,У Катюши ёжик бежит по лесной тропинке.
Train,Собака прыгнула на бревно и спаслась от беды.
Train,Малыши угощали пернатых друзей семечками и кусочками овощей.
Train,Бабушка купила внукам букварь.
Train,На морском берегу играют дети.
Train,Ване семь лет.
Train,Вышли на охоту рысь и еж.
Train,Ребята идут в парк.
Train,Я учусь в школе.
Train,На большой льдине плывёт собака.
Train,Каждый вечер приходят сюда олени.
Train,Кот ловил мышей.
Train,Миша взял его домой.
Train,У всех свои домики.
Train,Шла лиса.
Train,Птицы улетают на юг.
Train,На пути была речка.
Train,Ребята поспешили к дому.
Train,Глаза зелёные.
Train,У Зои есть кошка Мурка.
Train,Моя бабушка живёт в селе Степаново.
Train,Тётя Оля вяжет тёплые кофты.
Train,Наступила весна.
Train,Пора строить гнездо.
Train,Не кричат грачи.
Train,Мальчики живут дружно.
Train,Малыши рады.
Train,Его берег зарос мягкой травкой.
Train,На сладкий запах к дереву летят пчёлы.
Train,Наступила тишина.
Train,Летом мы были в селе Ильинском.
Train,Чуть слышно тикают часы.
Train,Лапки у кота сухие.
Train,У Саши и Даши лыжи.
Train,Он жалобно скулил.
Train,Лиса попросилась в гости.
Train,В лесу цветут ландыши.
Train,Саша и Тимоша вышли из дома.
Train,У крыльца сидела собака Жучка.
Train,Ночью был сильный мороз.
Train,Скоро закружит белая метель.
Train,В портфеле у мальчика учебник и тетрадь.
Train,Назвали его Рыжик.
Train,Стайками улетели стрижи и скворцы.
Train,Не стучат дятлы.
Train,По дорожке прыгал воробей.
Train,Под елью была нора.
Train,Весной у них много забот.
Train,У нас идёт большая стройка.
Train,Внучка Даша жила у деда в деревне.
Train,Уж не страшен мороз.
Train,Овощам нужен полив и хороший уход.
Train,Дятлы стучат по дубу.
Train,Поет дрозд.
Train,В небе плывут пушистые облачка.
Train,Бобры строят хатки.
Train,Гусь плывёт к мостику.
Train,Потом услышал ребячьи крики и помчался к друзьям.
Train,Яркое солнце.
Train,Стоят сильные морозы.
Train,Во дворе дети лепили снеговика.
Train,Лучи падали на крышу дома.
Train,Толстый лёд сковал быстрый ручей.
Train,Яркими лучами осветило снега.
Train,Скоро в прочных и широких гнёздах запищат грачата.
Train,Пора домой.
Train,Внучата Анечка и Саша кормят пушистых зверьков.
Train,День стоял тёплый.
Train,По земле бегут ручейки.
Train,Зимой за окном метёт пурга.
Train,В руке Ваня несёт большой букет цветов.
Train,Полил дождик.
Train,Пошла Катя утром за грибами.
Train,Летом ребята нашли в лесу щенка.
Train,К воде полз уж.
Train,За сладким нектаром прилетела первая пчела.
Train,Деревня Чайка.
Train,Я забрел в чащу леса.
Train,На вершине ели чиж свил гнездо.
Train,На реке льдины.
Train,Зверёк его заметил.
Train,Берёзки нарядились в пушистые шубки.
Train,Большой ком снега упал с сосны.
Train,Воробьи носили своим чадам мух и комаров.
Train,У крыльца звонко журчат ручейки.
Train,Только дятлы стучат по стволам.
Train,Никита строит дом.
Train,Ушла зима.
Train,Была зима.
Train,Улетела птичка.
Train,Ребята потрогали зверька и выпустили.
Train,Трещат морозы.
Train,Слава и Игорь играют в мяч.
Train,Кругом снег.
Train,Они кормят птиц.
Train,Наш пёс Рыжик любил пугать птиц.
Train,Утята были маленькие.
Train,На столе лежали игрушки.
Train,Всё вокруг зазеленело.
Train,Потом будет сладкий пирог и чай.
Train,Мальчики срезали три розы для мамы.
Train,Над зелёным лугом встала нарядная арка радуги.
Train,Они собирали сочные листочки щавеля.
Train,В вышине они ловят мошек и комаров.
Train,Под елью шуршат ежи.
Train,Дети идут в парк.
Train,Был ясный день.
Train,Она пошла искать товарища.
Train,Лиса живёт в лесу.
Train,Тихо шумят деревья.
Train,Он спешит на горку.
Train,Тётя Люся купила мне книгу.
Train,Вышивку Оля подарит любимой мамочке.
Train,Сестра Катя кормила птиц кусочками хлеба.
Train,Маленький Дима строит замок.
Train,Снега уже нет.
Train,Они весело хлопочут.
Train,В лес пришли дети.
Train,Вася чуть не упал в воду.
Train,Кричат грачи.
Train,Зазвенели их мелодичные голоса.
Train,Играют малыши.
Train,Дома тепло.
Train,Только частые капли стучат по стеклу.
Train,Лапки у кота белые.
Train,Около липы летают пчёлы.
Train,Из лесной чащи слышен печальный голос кукушки.
Train,Борис держит вещи в порядке.
Train,Мальчики рады.
Train,Под снежным одеялом уснули кусты.
Train,Вася побежал по льду.
Train,Оля пишет брату письмо.
Train,Усы большие.
Train,На небе тёмные тучи.
Train,На сосне было старое гнездо.
Train,Кот Пушок пил молоко.
Train,Петух Петька шагал прямо по лужам.
Train,Это была рысь.
Train,Малыши Алёша и Юра вышли гулять.
Train,Показалась мёрзлая бурая земля.
Train,Белый снег укрыл дома и машины.
Train,Зазвенела первая капель.
Train,На дереве гнездо.
Train,Снег закрыл весь корм в лесу.
Train,Отец дал компас.
Train,Брат построил нам шалаш.
Train,Летит быстрая ласточка.
Train,Их вырастили Сёма и Юра.
Train,Они быстро мчат по мутной воде.
Train,Белочка спрячется в дупле.
Train,Ежи прячутся в норах.
Train,Они читали букварь.
Train,Льдина на льдину находит.
Train,Бобры живут на реке.
Train,Лес стоит серый и мрачный.
Train,Раскисла снежная горка.
Train,Раз дед и внучка пошли в сад.
Train,Дюймовочка искала себе дом на зиму.
Train,У Ильи и Ольги лыжи.
Train,Давно пора.
Train,Ваня взял лыжи.
Train,У дедушки в саду растёт молодая яблонька.
Train,У дома вырос большой сугроб.
Train,Тихо шуршит мелкий дождик.
Train,Кран поднял груз.
Train,У реки стрижи.
Train,В яслях много всяких игрушек.
Train,Зверек схватил их.
Train,Всё чаще идут холодные дожди.
Train,Зимой хорошо в лесу.
Train,Пора собирать игрушки.
Train,Верный сторож охраняет ребят.
Train,Старый пень весь закрыт снегом.
Train,Снежные шубы надели сосны и ели.
Train,Алеша пил воду.
Train,Толя и Яша пускают кораблики.
Train,Мальчик пьёт горькие лекарства.
Train,В парке зазеленели деревья.
Train,У дома сад.
Train,На лесной полянке растаял снег.
Train,Они ищут грибы.
Train,Среди травы видны цветы.
Train,Мы поспешили домой.
Train,Ребята работали.
Train,Домик для пернатых гостей дед туго привязал к стволу яблони.
Train,Скоро в гнёздышке запищат маленькие птенцы.
Train,На лесной опушке собрались лисички.
Train,Это были розы.
Train,Это мышка юркнула в норку.
Train,У Люды красивый шар.
Train,Оля читала стихи Пушкина.
Train,В воде резвится мелкая рыбка.
Train,Это лютики и ромашки.
Train,Закрыла солнышко мрачная туча.
Train,Пушистые малыши усердно гребли лапками и плыли за мамой стройной цепочкой.
Train,В наш город пришла весна.
Train,У берега были брёвна.
Train,Мальчик дал котёнку кличку Барсик.
Train,Мама убрала санки и лыжи.
Train,Цветёт душистая липа.
Train,Витя несёт букет ромашек для мамы.
Train,Все жарче и жарче светило солнышко.
Train,Дует сильный ветер.
Train,Облетела листва.
Train,На ель прыгнула белка.
Train,Пели чижи.
Train,В траве трещат кузнечики.
Train,У Миши в ведре окуньки.
Train,Роща залита ярким светом.
Train,По тропке мы вышли на берег.
Train,Дедушка Семён учил нас чинить сети.
Train,Кругом тишина.
Train,Катя проснулась рано.
Train,Ребята играли в шашки.
Train,За нашим теплоходиком летели чайки.
Train,Алеша и мама пошли в поле.
Train,Мыши станут ужином для совы.
Train,Сестрёнка Оля вышивает крестиком.
Train,Спешит на охоту колючий ёжик.
Train,Тихий звон капели будит лес.
Train,Мальчики Юра и Ваня идут в лес.
Train,Запестрели цветы медуницы.
Train,Фонарики делает Лена Яшина.
Train,Я гулял в парке.
Train,Пришла зима.
Train,На лапах ели лежит снег.
Train,Пес Полкан пугает ворон.
Train,Птенчик Чир любил сидеть над дверью.
Train,Задача была трудная.
Train,Зашуршала листва.
Train,В холодной воде плавают моржи.
Train,По небу плывет туча.
Train,Летом поют чижи.
Train,Люся читает книгу.
Train,Перед грозой наступила тишина.
Train,Орехи раскрашивает Аня Чайкова.
Train,Закончился дождь.
Train,Влад и Глеб взяли коньки и побежали на пруд.
Train,Наш лес большой.
Train,Маленький Саша играет в машинки.
Train,Каждый день Игорю звонят школьные друзья.
Train,В школу привезли красивую ёлку.
Train,Трудно лисе зайку найти.
Train,На цветке пчела.
Train,Бабушка Рая водит Люду и Никиту в ясли.
Train,Засияло солнышко.
Train,Весна в этом году задержалась.
Train,Тает потемневший снежок.
Train,Я сама связала шарф.
Train,В густой листве поют птицы.
Train,В кустах гнездо.
Train,Я иду в лес.
Train,У Маши заноза.
Train,Их встречало ласковое солнышко.
Train,Спустилась пушистая белка.
Train,В зоопарке живут разные животные.
Train,Бурлит и шумит вода.
Train,Умные машины облегчают их труд.
Train,У Миши два товарища.
Train,Яркая окраска маленьких цветков завораживала взгляд.
Train,Кричат иволги.
Train,Мы часто ходили на речку удить рыбу.
Train,Антон рисовал кусты.
Train,Пришел Слава Щукин.
Train,Миша и Яша вышли во двор.
Train,Быстро понесла вода льдину к берегу.
Train,У Зины лопатка.
Train,В траве зашуршал ежик.
Train,Девочки лепили снегурку.
Train,Пруд и река покрыты льдом.
Train,Жил в лесу зайка.
Train,Ёжик уколол Юру.
Train,С утра падал снег.
Train,Коля бросил мяч.
Train,Спрятались под корни деревьев змеи.
Train,Котик стал жить у Миши.
Train,Проснулся ежик.
Train,Сегодня чудесная погода.
Train,Мы сами делали игрушки.
Train,Птички вьют гнёзда.
Train,Мальчик играл в рожок.
Train,У стены кран.
Train,У Светы кукла.
Train,Скоро зима.
Train,Дети помчались домой.
Train,Маленький Игорь ловит бабочку.
Train,Надо убирать санки и лыжи.
Train,Дятлы любят долбить шишки.
Train,У Мурки пушистый хвост.
Train,Девочка открыла альбом.
Train,Белочка живёт в дупле.
Train,В вышине широко улыбнулось солнышко.
Train,Заботливо снуют ежи и белки.
Train,В чулане жили мыши.
Train,Печальная пора.
Train,Ярко светит солнышко.
Train,У Полины на картинке озорной котёнок.
Train,У Зиночки день рождения.
Train,Дед Гера набрал большую корзинку сладких плодов.
Train,Лёгкие облачка белых пушинок окутали газоны и дорожки.
Train,Стучат дятлы.
Train,Зиме конец.
Train,Дедушка привёз воз дров.
Train,Весело зажурчали ручьи.
Train,Охотник ловит насекомых.
Train,Зимой я шла на лыжах.
Train,Был теплый день.
Train,Пожелтели берёзки и тополя.
Train,В лесу настала грибная пора.
Train,Лещи и сомы плавают в реке.
Train,По воде плыло бревно.
Train,Погожий майский денёк.
Train,Стоят чудные деньки.
Train,Мамы с малышами гуляют в парке.
Train,Катя взяла сестру на руки и перешла речку.
Train,Я и мой друг Влад играли в разведчиков.
Train,Вдруг в небе появился коршун.
Train,Таня катит ком снега.
Train,Хлопушки клеит Саша Чудин.
Train,Дует тёплый ветерок.
Train,На краю леса росла сосна.
Train,Пушистый шарф лежит на ветках кедра.
Train,На бревне сидел кот Кузя.
Train,В сладкий сироп она опустила ягодки.
Train,Моя комната большая.
Train,На краю леса стоит ель.
Train,Надо спешить в школу.
Train,Папа Миши принёс в дом кота.
Train,Над водой чайки.
Train,Девочка умылась и быстро оделась.
Train,К дорожке выбежали сыроежки.
Train,Люди провожают зиму.
Train,Началась гроза.
Train,Липа цветёт летом.
Train,В доме пять этажей.
Train,У Даши и Гриши Житиных дача у деревни Ольгинки.
Train,Стоят погожие деньки.
Train,Надя собирает букет цветов для мамы.
Train,Мы любим свою школу.
Train,Хрупкий лёд треснул.
Train,Наш дом стоит на улице Жукова.
Train,В кустах зашуршало.
Train,Брат часто удит рыбу.
Train,На лесной полянке устроена кормушка.
Train,Пушистый снег в лесу лежал на сучьях и ветках.
Train,За лесом были поля.
Train,Часто моросит мелкий дождик.
Train,Хлопья снега тихо падают на землю.
Train,Грустно покидать родное гнездо.
Train,С горки ветер сдул белый наряд зимы.
Train,Идет урок.
Train,Так Слава помог товарищу.
Train,В дупле угомонились рыжие бельчата.
Train,Медвежонок сидел на пеньке.
Train,Зверьков я приносил из леса.
Train,На дорожках лужи.
Train,Грачам надо кормить птенцов.
Train,Осенью лес дарит нам плоды шиповника и полные лукошки рыжиков.
Train,Бабушка Клава давала всем чай.
Train,В тетради ребята старательно выводили слоги.
Train,Осенью деревце угощает нас румяными яблочками.
Train,Наша школа новая.
Train,В небе растаяли хмурые тучи.
Train,Песня птиц разнеслась по глухим тропам.
Train,Я испугался.
Train,Распустились яркие цветы.
Train,Во дворе бегут весёлые ручейки.
Train,На реке бобры делают плотины из стволов осины.
Train,Жили в доме собака Джек и рыжий кот Мурзик.
Train,Около окна стол.
Train,В деревне у дедушки Гриши живут кролики.
Train,Лиса и медведь живут в лесу.
Train,Ребята помогали на огороде.
Train,Дети готовят украшения.
Train,Ярко светит солнышко весь день.
Train,Я кричу своему другу.
Train,Славик и Вася ходили в лес.
Train,На стене часы пробили восемь раз.
Train,Мы живем в новом доме.
Train,На завтрак были душистый чай и булочка.
Train,У неё были щенки.
Train,Илья завязал ему больную лапу.
Train,Стоят тёплые деньки.
Train,Мы идем в лес.
Train,В саду созрели сладкие вишни.
Train,Летом Ваську взяли на дачу.
Train,Дули нехолодные ветры.
Train,Пора убирать и картофель.
Train,Не пищат в гнезде чижики.
Train,Пчёлы проснулись рано и полетели в поле.
Train,Настала весна.
Train,Юра поймал два леща и окунька.
Train,Под корнями дерева медведь устроил берлогу.
Train,Девочки прыгают через скакалку.
Train,Малыши катались с горки.
Train,Коля сделал из бумаги ёлку.
Train,К родным скворечникам вернулись весёлые скворцы.
Train,До весны залёг косолапый в спячку.
Train,Больной Дружок лежит под крыльцом.
Train,Лес полон звуков.
Train,Собака жила в лесу.
Train,Глеб поймал двух окуньков.
Train,Поют чижи.
Train,Щенка назвали снежок.
Train,У Любы живёт кот Васька.
Train,У кошки были зеленые глаза и кисточки на ушах.
Train,Мальчик подвязал яблоньку.
Train,Прошла хмурая осень.
Train,Девочки закричали.
Train,Рабочие строят дом.
Train,Игорь простудился.
Train,Я живу на улице Кольцова.
Train,Юра идёт в лес.
Train,Во дворе у гнезда появились грачи.
Train,Трава в росе.
Train,Летнее утро.
Train,В больших лесах живут олени.
Train,Скатывались струйки воды.
Train,Дни стали короче.
Train,У Гриши живёт щенок овчарки.
Train,Юра и Яша под ёлкой нашли ёжика.
Train,Кусты и старые пни закрывали тропку.
Train,Ярче светит солнышко.
Train,Пушистый мех укутал деревце.
Train,Под лист берёзки спрятался груздь.
Train,Глухо ударил гром.
Train,Зима ушла.
Train,Козочка даёт вкусное и полезное молоко.
Train,Теплее пригревает солнышко.
Train,Скоро она повела детишек к озеру.
Train,Хлеб с полей убрали.
Train,Земля покрыта снегом.
Train,Теперь все гуси плывут к мостику.
Train,Скоро осень.
Train,Январь открывает год.
Train,Ещё лежит на земле снег.
Train,У нас был урок труда.
Train,Утро было тёплое.
Train,Миша поил Рыжика молоком.
Train,Под сосной блестят шляпки маслят.
Train,Они положили его в шапку.
Train,Алеша и Коля шли в рощу.
Train,На реке гуси.
Train,У дома большая лужа.
Train,Пёс резко залаял.
Train,Сильные лапы впились в ствол.
Train,Мы с папой удили рыбу.
Train,Ребята стали удить рыбу.
Train,Я дал ей орешки.
Train,Он принёс лукошко черники.
Train,Серёжа кинул в воду корм.
Train,Готовы лесные жители к встрече зимы.
Train,Поют чижи и дрозды.
Train,Зиму мы ждали.
Train,У бабушки в саду много цветов.
Train,Грузили в автомашины и вывозили за город.
Train,Это суровый месяц.
Train,Розка жила на дворе.
Train,Дети рады.
Train,На груди блестела круглая брошка.
Train,С дядей Мишей сушили сено.
Train,Вход в нору был закрыт листьями.
Train,Наша дача в лесу.
Train,Над дальним лесом встала радуга.
Train,Осенью в лесу много грибов.
Train,Ранняя весна.
Train,В лесу стоит избушка.
Train,Весной лёд потемнел и стал непрочным.
Train,Было жарко.
Train,Под елкой норка.
Train,Вася взял лыжи.
Train,Весь день льёт дождь.
Train,Дядя Сёма работает на заводе.
Train,Малыши были рады.
Train,Часто бывали ежи и зайчата.
Train,Малыши катались с горы.
Train,Олег и Вася шли из школы.
Train,Пушистый снег покрыл лес и поле.
Train,Началась весна.
Train,В траве трещат зеленые кузнечики.
Train,У Алёши дом из снега.
Train,Осень наступила.
Train,Холодно стало в лесной чаще.
Train,Во дворе играют малыши.
Train,Ветер закружил пыль.
Train,Дети играли в школу.
Train,У Юры новые сани.
Train,На шляпку сыроежки упал жёлтый лист.
Train,Дима и Витя смастерили кормушку.
Train,Цветут душистые ландыши.
Train,У тропы дуб.
Train,Я любил работать с дедом.
Train,Мальчики сели на скамейку.
Train,На дворе март.
Train,В дальний путь собрались птицы.
Train,Собака Жучка быстро нашла свою игрушку.
Train,Бабушка связала для внучки носочки.
Train,Пришла весна.
Train,Лёгкий прибой чуть качает зелёные  водоросли.
Train,Тихо журчал ручей.
Train,Прощальную песенку запел скворец.
Train,У Тани санки.
Train,Снег на крыше начал таять.
Train,Настало утро.
Train,На улице сильная метель.
Train,Ваня взял санки.
Train,Детям весело.
Train,Рядом книжный шкаф.
Train,Но Юра не заплакал.
Train,Алёша запряг в сани Тома.
Train,В воде на дне видны мелкие камешки.
Train,Уже тепло.
Train,Андрюша нарисовал для сестрички открытку.
Train,Хвост пушистый.
Train,Мягкий пушистый снег сыпал почти каждую ночь.
Train,Кругом пушистый снег.
Train,Наступил апрель.
Train,Хрустит снег.
Train,В птичьих гнёздах пищат птенцы.
Train,Серые комочки были пушистые и мягкие.
Train,Берёзки и дубки скоро наденут зелёный наряд.
Train,Петя и Серёжа идут к речке.
Train,Прибежал Ваня.
Train,Стойкий солдатик был рядом.
Train,Надя и Катя помогают ей.
Train,Поднялся сильный ветер.
Train,Его озорные смешинки заблестели в прозрачных лужицах.
Train,Мальчик с дедом косил траву для козы Мушки.
Train,В семье пушистых белочек растут бельчата.
Train,Громко стучал дятел.
Train,Светит звезда.
Train,Ее звон испугал кота.
Train,Ищут добычу рысь и барсук.
Train,Ваня поймал щуку и леща.
Train,Дует холодный ветер.
Train,На куст сел воробей.
Train,Реже светит солнышко.
Train,Медведь ищет себе берлогу.
Train,На лапах тёмные пятна.
Train,Льёт сильный дождь.
Train,Рядом бежит Барбос.
Train,Бабушка угощала вкусными ягодами внуков.
Train,Даша нарисовала кошку с котёнком.
Train,В выходной мы всей семьёй были на речной прогулке.
Train,Зеленеют проталины.
Train,Кот Васька сидит у окна и наблюдает за птицами.
Train,Вечером в густой чаще засыпают лесные малыши.
Train,На окнах узоры.
Train,Выглянуло солнышко.
Train,Люба и Маша пасли утят на берегу реки.
Train,Тает снег.
Train,Дима и Артём бегут гулять во двор.
Train,Вечером в лесу особая жизнь.
Train,Улетают на юг птицы.
Train,Ваня Ёлкин играл с Колей.
Train,В лес приходит вечер.
Train,На чердаке у воробьёв было гнездо.
Train,В лесу чаща.
Train,Дядя Сёма хороший рабочий.
Train,Она учит детей.
Train,На дереве лежала рыжая кошка.
Train,У дедушки Матвея ели мёд.
Train,Природа встречает новый день.
Train,Ваня и Дима были у реки.
Train,С крыши на землю падали крупные капли.
Train,Они желают товарищу здоровья.
Train,Внук и дед работали дружно.
Train,Мама приготовила обед.
Train,Ком снега упал на старый пень.
Train,Ребята пришли в рощу.
Train,Всем весело.
Train,Коля принёс колья.
Train,Падал густой снег.
Train,в синей воде отражались лёгкие облачка и дальний лес.
Train,Желтеют листочки на деревьях.
Train,У зайца зимой белая шкурка.
Train,Ворона каркнула и полетела в рощу.
Train,В воздухе закружились пушистые снежинки.
Train,Клином потянулись на юг журавли.
Train,Наша мама добрая и ласковая.
Train,В вышине пищат весёлые стрижи.
Train,Ребята в лесу ищут шишки.
Train,С весёлым писком над городом летают стрижи.
Train,Весело закружились в воздухе снежинки.
Train,Мальчик дал ему кличку Смелый.
Train,Днём я с собакой Тимкой отправился в рощу.
In domain dev,На асфальте остались небольшие лужи.
In domain dev,Это корм для птиц.
In domain dev,Я поймал двух окуньков.
In domain dev,Катя и Юра идут в рощу.
In domain dev,Среди редких сосен рос вереск.
In domain dev,Дымок ест рыбу.
In domain dev,Рядом бежит пес Бимка.
In domain dev,Любят внучата к чаю это душистое лакомство.
In domain dev,Мальчики и девочки играли в прятки.
In domain dev,Весь день летают родители к гнезду.
In domain dev,Прилетели грачи.
In domain dev,Большой и прочный будет дом у птенцов.
In domain dev,У школы большая гора.
In domain dev,Небо стало светлым.
In domain dev,Голодно птичкам зимой.
In domain dev,Ударил мороз.
In domain dev,Мама насыпала в таз сахар.
In domain dev,Наступило утро.
In domain dev,Мама пришла с работы.
In domain dev,Света и Даша лепят из песка куличи.
In domain dev,Света и Паша учат уроки.
In domain dev,Мне семь лет.
In domain dev,Под елкой укрылись серые ежики.
In domain dev,Стоял чудесный день.
In domain dev,Гриша гуляет со щенком на собачьей площадке и учит его служить.
In domain dev,Скоро они будут читать книги.
In domain dev,Не трещат морозы.
In domain dev,Глеб и Денис ходили на берег реки.
In domain dev,Птицы летят к жилью человека.
In domain dev,Хороша наша горка.
In domain dev,В парках много ребят.
In domain dev,Дни стали холоднее.
In domain dev,На снегу следы птиц и маленьких зверьков.
In domain dev,Река набухла.
In domain dev,Малыши играют в песке.
In domain dev,Показалась мордочка.
In domain dev,Не трещат сороки.
In domain dev,С берёз полетели листочки.
In domain dev,На нём лежит тетрадь.
In domain dev,Звонко поют зяблики.
In domain dev,Дима учил уроки.
In domain dev,Журчит ручей.
In domain dev,Он идёт на охоту.
In domain dev,К Коле Чайкину пришли гости.
In domain dev,Зайчик надел белую шубку.
In domain dev,Наши ученики живут дружно.
In domain dev,Выпал пушистый снежок.
In domain dev,Дети любили Розку.
In domain dev,Боря и Андрюша собрали много рыжиков и маслят.
In domain dev,Дети часто ходят в рощу.
In domain dev,Андрей Кружин следил за игрой.
In domain dev,В нашем доме десять этажей.
In domain dev,В ранце у мальчика книги и тетради.
In domain dev,Весной в новом жилище поселились скворцы.
In domain dev,На листьях ольхи блестят прозрачные капельки.
In domain dev,Я и братишка Игорь остались дома.
In domain dev,В шалаше был наш штаб.
In domain dev,Всюду белым ковром лежал снег.
In domain dev,В лужицах голубеет небо.
In domain dev,Гулять нельзя.
In domain dev,Летят с юга птицы.
In domain dev,Только волки рыщут.
In domain dev,На опушке заскрипел старый вяз.
In domain dev,На снежном ковре кот Барсик оставил первый след.
In domain dev,Погасли звёзды.
In domain dev,Показались зелёные иголочки травы.
In domain dev,Крыши тоже в снегу.
In domain dev,У стены стоит диван.
In domain dev,Ежик скрылся в нору.
In domain dev,Начал таять снег.
In domain dev,У дома сугробы.
In domain dev,Над водой порхают пестрые бабочки.
In domain dev,Дети катались с горки.
In domain dev,Мальчики помчались домой.
In domain dev,Хлынула вода на поля.
In domain dev,На песке сидел дед Олег.
In domain dev,Солнышко начало греть землю.
In domain dev,Малыши Алёша и Юра вышли во двор.
In domain dev,Я читаю стихи о лисе.
In domain dev,Завывают вьюги.
In domain dev,Дюймовочка заметила норку.
In domain dev,Наступил ноябрь.
In domain dev,Туча закрыла солнце.
In domain dev,Чутко дремлют пушистые зайчата.
In domain dev,Зимой река спала под толстым ледовым покрывалом.
In domain dev,Во дворе гулял котёнок.
In domain dev,У Димы и Серёжи была бабушка.
In domain dev,Давно исчезли стрижи.
In domain dev,Под снегом журчит светлый ручей.
In domain dev,На речке мальчики ловили рыбу.
In domain dev,У белки в дупле хранится запас сухих грибов.
In domain dev,Пруд замёрз.
In domain dev,Сёма и Яша едут в новый дом.
In domain dev,Звенят быстрые ручейки.
In domain dev,Мы ходили гулять в рощу.
In domain dev,Свои картины дети повесили на стену.
In domain dev,В такую погоду нельзя гулять.
In domain dev,На крыльце лежал кот Пушок.
In domain dev,Подружки рисуют на асфальте цветными мелками.
In domain dev,Борис идёт в первый класс.
Out of domain dev,Печальную песню запела выпь.
Out of domain dev,Дядя Яша учит всех кататься на коньках.
Out of domain dev,В лесу тишина.
Out of domain dev,На бревне сидела ворона.
Out of domain dev,На картине луг и речка.
Out of domain dev,Закачались молодые дубки и липки.
Out of domain dev,Дети угощают животных морковкой и листочками капусты.
Out of domain dev,Мы рады щедрому урожаю.
Out of domain dev,Юра и Коля гуляют в парке.
Out of domain dev,Солнышко спустилось за дальний лес.
Out of domain dev,В цветках капли росы.
Out of domain dev,Даша нагнулась за луком.
Out of domain dev,Все рады снегу.
Out of domain dev,Мы учим русский язык.
Out of domain dev,Проснулось солнышко.
Out of domain dev,Над яркими цветниками летают изящные бабочки.
Out of domain dev,Но ежи разоряют птичьи гнёзда.
Out of domain dev,Надя сшила для куклы Маши наряд.
Out of domain dev,Оля рисовала солнечную весну.
Out of domain dev,Ольга катит ком снега.
Out of domain dev,Треснула ветка.
Out of domain dev,Летают стрижи.
Out of domain dev,Зайка открыл дверь.
Out of domain dev,Бабушка Нина сварила варенье.
Out of domain dev,Утром люди идут на работу.
Out of domain dev,Дедушка читает книгу.
Out of domain dev,Только около крыльца зеленела маленькая ёлочка.
Out of domain dev,У него сильный кашель.
Out of domain dev,Вася и Юра идут в школу.
Out of domain dev,Зеленеют леса и поля.
Out of domain dev,Хорошо было в роще.
Out of domain dev,Алёша и Миша пускают бумажные кораблики.
Out of domain dev,Скоро ёлка.
Out of domain dev,Светит люстра.
Out of domain dev,Вороны жили в нём.
Out of domain dev,Снежинки падали пушистые и белые.
Out of domain dev,Рой пчел сел на куст.
Out of domain dev,Алёша любит читать.
Out of domain dev,Вдруг из кустов вылетел рябчик.
Out of domain dev,По ней мы вышли к речке.
Out of domain dev,Стайка дроздов подлетела к дереву.
Out of domain dev,Она варит суп.
Out of domain dev,В лесу рос красивый куст.
Out of domain dev,Глеб поймал щуку.
Out of domain dev,Деду помогал внук Витя.
Out of domain dev,В четверг к Вите пришёл друг Олег.
Out of domain dev,Мальчик принёс ему хлеба и молока.
Out of domain dev,Маму все уважают.
Out of domain dev,Их звонкие песни разбудили лес.
Out of domain dev,На сучке висел сухой гриб.
Out of domain dev,В шишках семена.
Out of domain dev,Разные жилища есть в лесу.
Out of domain dev,Лена плетет венок из ромашек.
Out of domain dev,У крыльца большие лужи.
Out of domain dev,Звонко запели птицы.
Out of domain dev,Звенит капель.
Out of domain dev,У Ольги и Даши бумажные бусы.
Out of domain dev,Ребята часто ходят в лес.
Out of domain dev,Сразу его начинали соскребать с асфальта.
Out of domain dev,У дома большие лужи.
Out of domain dev,Весело журчат ручейки.
Out of domain dev,У Серёжи кот Дымок.
Out of domain dev,Ребята бегут к речке.
Out of domain dev,Застучали по земле крупные капли.
Out of domain dev,Мальчики пускают кораблики.
Out of domain dev,Упала сосулька.
Out of domain dev,Мы живём в Москве.
Out of domain dev,В детском саду жили волнистые попугайчики.
Out of domain dev,На лугу играют дети.
Out of domain dev,Ровным рядком рос лук.
Out of domain dev,Дети играют дружно.
Out of domain dev,Начался ледоход.
Out of domain dev,Узкая тропинка бежала через луг.
Out of domain dev,В густых лапах ели скрылась белка.
Out of domain dev,На дворе весело и шумно.
Out of domain dev,Весной у утки вылупились утята.
Out of domain dev,Умчалась дождевая туча.
Out of domain dev,Ежик ищет пищу в густой траве.
Out of domain dev,Ребята по тропке идут к реке.
Out of domain dev,Воробей взял её в клюв и полетел на чердак.
Out of domain dev,Ольга была учителем.
Out of domain dev,На дворе весна.
Out of domain dev,Мальчики играли в снежки.
Out of domain dev,Запели птицы на ветвях.
Out of domain dev,Пчеле и шмелю хорошо на лугу.
Out of domain dev,В чащу летит орел.
Out of domain dev,На полях и в лесах тишина.
Out of domain dev,Мальчики любят играть.
Out of domain dev,Крыши домов в снегу.
Out of domain dev,Небо в тучах.
Out of domain dev,Целый день идёт дождь.
Out of domain dev,Под берёзой вырос гриб.
Out of domain dev,Жёлтый лист упал с осины.
Out of domain dev,Скоро наступит осень.
Out of domain dev,Сильные морозы сковали озёра и реки.
Out of domain dev,Природа уснула до весны.
Out of domain dev,Зимой птицам трудно добывать еду.
Out of domain dev,На деревьях крича грачи.
Out of domain dev,По улице бежит широкий ручей.
Out of domain dev,В конце села есть ферма.
